Jahr,Geschlecht,Altersgruppe,CDU/CSU,SPD,Grüne,FDP,Linke,AfD,Sonstige
2013,Summe,Summe,41.5,25.7,8.4,4.8,8.6,4.7,6.2
2013,Summe,18-24,31.6,24.5,11.9,4.9,7.4,5.3,14.3
2013,Summe,25-34,36.5,21.9,10.7,4.7,8.6,5.4,12.1
2013,Summe,35-44,40.4,21.7,11.2,4.9,8.0,5.5,8.2
2013,Summe,45-59,38.3,26.3,10.4,4.4,9.8,5.4,5.6
2013,Summe,>=60,48.4,28.4,4.3,5.0,8.0,3.5,2.4
2013,Summe,60-69,43.1,28.4,5.8,4.9,10.1,4.6,3.1
2013,Summe,>=70,51.9,28.3,3.3,5.2,6.7,2.8,1.8
2013,m,Summe,38.6,26.6,7.3,5.5,9.1,5.9,7.1
2013,m,18-24,29.7,25.2,8.7,5.7,7.3,6.7,16.7
2013,m,25-34,34.4,22.1,8.6,5.4,8.7,6.7,14.1
2013,m,35-44,38.4,22.1,9.5,5.6,8.3,6.9,9.4
2013,m,45-59,36.4,27.2,9.0,5.0,10.1,6.4,5.8
2013,m,>=60,44.2,29.8,4.0,5.8,9.2,4.6,2.5
2013,m,60-69,39.2,29.7,5.3,5.6,11.1,5.8,3.3
2013,m,>=70,47.9,29.8,3.0,5.9,7.7,3.7,2.0
2013,w,Summe,44.3,25.0,9.6,4.1,8.1,3.6,5.4
2013,w,18-24,33.7,23.8,15.3,4.0,7.5,3.9,11.8
2013,w,25-34,38.7,21.8,12.8,4.1,8.5,4.2,10.0
2013,w,35-44,42.6,21.4,12.9,4.1,7.8,4.1,7.1
2013,w,45-59,40.1,25.3,11.8,3.7,9.4,4.3,5.3
2013,w,>=60,51.8,27.2,4.6,4.4,7.1,2.6,2.2
2013,w,60-69,46.7,27.2,6.3,4.2,9.0,3.5,3.0
2013,w,>=70,55.1,27.1,3.6,4.6,5.9,2.1,1.7
2017,Summe,Summe,33.0,20.5,8.9,10.7,9.2,12.6,5.0
2017,Summe,18-24,25.0,18.4,14.6,13.2,10.5,8.0,10.4
2017,Summe,25-34,26.8,17.1,11.1,11.4,10.9,12.8,9.8
2017,Summe,35-44,30.5,15.6,11.0,11.4,9.1,15.4,7.0
2017,Summe,45-59,30.4,19.9,10.5,10.3,9.3,15.1,4.6
2017,Summe,>=60,39.5,24.4,5.1,10.2,8.4,10.5,1.9
2017,Summe,60-69,33.3,23.3,6.8,10.3,10.5,13.2,2.6
2017,Summe,>=70,44.6,25.2,3.8,10.1,6.8,8.3,1.4
2017,m,Summe,29.2,20.5,7.6,11.8,9.7,16.3,4.9
2017,m,18-24,22.6,18.2,11.4,16.7,10.5,10.0,10.7
2017,m,25-34,23.5,16.4,8.8,13.5,11.5,16.1,10.0
2017,m,35-44,27.1,14.9,9.2,12.6,9.4,19.7,7.1
2017,m,45-59,27.7,20.0,8.8,10.9,9.3,19.2,4.0
2017,m,>=60,34.8,25.2,4.5,10.7,9.3,13.8,1.7
2017,m,60-69,29.2,24.1,6.0,10.6,11.2,16.7,2.2
2017,m,>=70,39.7,26.2,3.3,10.7,7.7,11.3,1.1
2017,w,Summe,36.4,20.5,10.2,9.7,8.8,9.2,5.1
2017,w,18-24,27.5,18.6,17.8,9.7,10.4,6.0,10.0
2017,w,25-34,30.0,17.7,13.3,9.3,10.4,9.6,9.6
2017,w,35-44,33.7,16.4,12.7,10.2,8.8,11.2,7.0
2017,w,45-59,33.1,19.7,12.1,9.7,9.2,11.1,5.1
2017,w,>=60,43.6,23.7,5.6,9.8,7.7,7.6,2.1
2017,w,60-69,37.1,22.6,7.6,10.0,9.9,9.9,2.9
2017,w,>=70,48.4,24.4,4.2,9.5,6.1,5.9,1.5
2021,Summe,Summe,24.1,25.7,14.8,11.5,4.9,10.3,8.7
2021,Summe,18-24,10.8,15.6,24.0,20.5,7.8,6.4,15.0
2021,Summe,25-34,13.6,17.4,22.9,14.9,6.6,10.0,14.6
2021,Summe,35-44,18.7,19.2,18.7,12.4,4.8,14.1,12.1
2021,Summe,45-59,23.0,25.4,14.6,11.3,4.1,12.8,8.7
2021,Summe,>=60,32.8,33.0,9.0,8.3,4.3,8.2,4.4
2021,Summe,60-69,26.3,31.7,11.8,9.0,4.8,10.7,5.7
2021,Summe,>=70,38.4,34.2,6.6,7.7,3.9,6.0,3.2
2021,m|d|o,Summe,23.3,24.5,13.5,12.8,5.0,13.0,7.9
2021,m|d|o,18-24,10.8,14.6,19.7,26.2,6.7,7.7,14.2
2021,m|d|o,25-34,13.4,16.3,19.8,17.8,6.9,11.9,13.9
2021,m|d|o,35-44,18.1,17.6,17.1,13.7,5.0,17.4,11.1
2021,m|d|o,45-59,23.3,24.0,13.2,11.9,4.1,16.2,7.3
2021,m|d|o,>=60,31.4,32.4,8.7,8.6,4.7,10.5,3.6
2021,m|d|o,60-69,25.7,30.8,11.1,9.3,5.1,13.3,4.8
2021,m|d|o,>=70,36.9,33.9,6.4,8.0,4.3,7.9,2.6
2021,w,Summe,24.8,26.9,16.0,10.2,4.8,7.8,9.6
2021,w,18-24,10.7,16.5,28.3,14.8,8.9,5.0,15.7
2021,w,25-34,13.7,18.5,25.9,12.0,6.4,8.0,15.3
2021,w,35-44,19.2,20.8,20.2,11.2,4.6,10.8,13.2
2021,w,45-59,22.7,26.8,16.0,10.7,4.1,9.5,10.1
2021,w,>=60,34.0,33.5,9.2,8.0,4.0,6.2,5.1
2021,w,60-69,26.9,32.5,12.4,8.8,4.7,8.3,6.7
2021,w,>=70,39.6,34.4,6.8,7.5,3.5,4.5,3.8
2025,Summe,Summe,28.6,16.4,11.6,4.3,8.8,20.8,9.6
2025,Summe,18-24,13.0,11.3,11.8,5.6,27.3,19.0,12.1
2025,Summe,25-34,16.1,11.0,15.9,5.2,17.6,20.8,13.4
2025,Summe,35-44,22.7,11.2,14.4,4.1,8.7,27.1,11.8
2025,Summe,45-59,28.7,13.7,12.2,4.0,5.9,25.7,9.7
2025,Summe,>=60,36.8,22.4,8.9,4.1,4.8,16.0,7.1
2025,Summe,60-69,31.6,19.5,11.0,3.7,5.1,21.0,8.2
2025,Summe,>=70,41.4,24.9,7.0,4.5,4.5,11.5,6.1
2025,m|d|o,Summe,28.8,14.9,10.7,4.8,7.3,25.1,8.3
2025,m|d|o,18-24,15.5,11.2,11.1,7.5,17.6,25.2,12.0
2025,m|d|o,25-34,17.1,10.1,14.6,6.3,14.0,25.6,12.2
2025,m|d|o,35-44,23.1,9.8,13.2,4.5,7.6,31.9,9.9
2025,m|d|o,45-59,29.5,12.2,10.9,4.2,4.9,30.4,7.8
2025,m|d|o,>=60,36.8,20.8,8.1,4.4,4.7,19.0,6.2
2025,m|d|o,60-69,32.4,17.9,9.8,3.9,4.8,24.5,6.7
2025,m|d|o,>=70,41.3,23.5,6.5,4.9,4.5,13.7,5.6
2025,w,Summe,28.2,17.9,12.5,3.8,10.2,16.7,10.7
2025,w,18-24,10.4,11.4,12.5,3.8,37.1,12.6,12.3
2025,w,25-34,15.2,12.0,17.2,4.0,21.2,16.0,14.6
2025,w,35-44,22.4,12.6,15.7,3.6,9.8,22.2,13.7
2025,w,45-59,27.9,15.3,13.5,3.9,6.9,21.0,11.5
2025,w,>=60,36.8,23.8,9.6,3.9,4.9,13.2,7.9
2025,w,60-69,30.8,21.0,12.2,3.5,5.4,17.5,9.7
2025,w,>=70,41.6,26.1,7.5,4.2,4.5,9.7,6.5
