Jahr,Gebiet,Wahlberechtigte,Wählende,Erststimmen CDU/CSU,Erststimmen SPD,Erststimmen Grüne,Erststimmen FDP,Erststimmen Linke,Erststimmen AfD,Erststimmen FW,Erststimmen BSW,Erststimmen Sonstige,Zweitstimmen CDU/CSU,Zweitstimmen SPD,Zweitstimmen Grüne,Zweitstimmen FDP,Zweitstimmen Linke,Zweitstimmen AfD,Zweitstimmen FW,Zweitstimmen BSW,Zweitstimmen Sonstige
2013,Schleswig-Holstein,2251796,1645750,708702,596882,111921,37526,66183,58681,2678,,44425,638756,513725,153137,91714,84177,74346,8747,,63688
2013,Hamburg,1281918,901213,305979,336337,94473,17707,66995,29835,3725,,34902,285927,288902,112826,42869,78296,37142,2856,,42011
2013,Niedersachsen,6117473,4491281,1946518,1699556,299885,82291,189645,82424,29234,,108005,1825592,1470005,391901,185647,223935,165875,21773,,160532
2013,Bremen,483823,333022,97265,133437,37667,6360,28521,10764,,,14797,96459,117204,40014,11204,33284,12307,814,,18126
2013,Nordrhein-Westfalen,13253554,9605247,4148811,3472520,606235,228962,483918,171511,18250,,342386,3776563,3028282,760642,498027,582925,372258,25127,,454333
2013,Hessen,4413271,3230483,1399206,1080828,236653,81708,167135,37910,11727,,126102,1232994,906906,313135,175144,188654,176319,24929,,130010
2013,Rheinland-Pfalz,3092424,2251979,1026360,716029,133256,63585,105928,6316,48110,,101680,958655,608910,169372,122640,120338,106414,28159,,100009
2013,Baden-Württemberg,7689895,5711469,2873905,1332623,614298,164210,236251,133727,36305,,236092,2576606,1160424,623294,348317,272456,295988,33479,,331455
2013,Bayern,9472738,6633726,3544079,1443710,505800,183259,225218,146714,192702,,329821,3243569,1314009,552818,334158,248920,283570,180649,,423062
2013,Saarland,796072,577428,234133,199723,21746,8393,48977,24912,,,24065,212368,174592,31998,21506,56045,29291,3664,,33096
2013,Berlin,2505718,1815415,536332,455138,243259,25867,333148,67483,8138,,116395,508643,439387,220737,63616,330507,88060,7531,,129240
2013,Brandenburg,2065944,1412785,492236,367713,53549,21252,330627,,9860,,108408,482601,321174,65182,35365,311312,83075,13416,,76237
2013,Mecklenburg-Vorpommern,1350705,881718,384607,165660,33232,11891,204479,,11713,,54162,369048,154431,37716,18968,186871,48885,8004,,43820
2013,Sachsen,3406430,2368758,1080087,375941,103470,55673,500300,,27254,,182168,994601,340819,113916,71259,467045,157781,34858,,152373
2013,Sachsen-Anhalt,1930880,1198248,491418,230859,38929,20679,299032,16657,18070,,60863,485781,214731,46858,30998,282319,49661,12358,,56109
2013,Thüringen,1834259,1251403,508083,236502,45926,19282,298821,23981,13874,,82915,477283,198714,60511,32101,288615,76013,17613,,80843
2013,Bundesgebiet,61946900,44309925,19777721,12843458,3180299,1028645,3585178,810915,431640,,1967186,18165446,11252215,3694057,2083533,3755699,2056985,423977,,2294944
2017,Schleswig-Holstein,2266012,1729194,682287,493279,163580,131703,90574,128641,15957,,7001,583135,399505,205471,216844,124678,140362,11095,,34551
2017,Hamburg,1296656,984926,277677,311889,114485,69178,105242,71527,5426,,20248,266312,229862,136371,105610,119076,76511,3458,,40918
2017,Niedersachsen,6124582,4681871,1777588,1557197,334541,264801,273064,369663,23538,,34925,1623481,1275172,404825,431405,322979,422362,19178,,147574
2017,Bremen,474151,335919,81275,105119,33386,30457,39405,30935,939,,9527,83409,88944,36733,31056,44629,33244,1194,,13114
2017,Nordrhein-Westfalen,13174577,9938461,3756952,3073698,641360,787235,626631,799777,26201,,102316,3214013,2557876,744970,1293052,736904,928425,27788,,350349
2017,Hessen,4408986,3395441,1185393,974954,270221,238437,220145,375528,48199,,31675,1033200,788427,323736,386742,271158,398712,28507,,118418
2017,Rheinland-Pfalz,3080591,2392093,932382,676438,140906,161479,133323,223659,54294,,29389,848003,570518,179233,245235,160912,265688,32263,,60654
2017,Baden-Württemberg,7732597,6053943,2350054,1166668,801880,517512,325019,690128,33732,,98238,2061687,982370,807205,762008,380727,730499,42133,,226339
2017,Bayern,9522371,7441006,3255487,1336404,661356,477884,384368,773542,250119,,232529,2869688,1130931,722116,751248,450803,916300,199198,,352926
2017,Saarland,777264,595411,211855,184511,26116,27627,65712,54587,6959,,8036,189573,158895,35117,44477,75448,58920,4825,,18003
2017,Berlin,2503070,1892134,460296,391772,230935,105053,377564,212211,5720,,81923,424321,334253,234947,167046,351170,225170,5354,,126781
2017,Brandenburg,2051559,1512145,432157,304896,67253,75734,256497,289204,28547,,34114,397839,261822,74971,105485,255721,301103,17762,,76128
2017,Mecklenburg-Vorpommern,1324614,938587,316662,161437,33746,43899,171130,168456,13794,,17721,307263,139689,39514,57895,165368,172409,7543,,37829
2017,Sachsen,3329550,2509684,756206,289109,112300,165449,432722,628048,13761,,72138,665751,261105,113608,203662,398627,669940,27471,,139240
2017,Sachsen-Anhalt,1854891,1263474,401454,213058,38938,81211,238047,210127,28163,,29527,377411,188980,46243,96555,220858,244401,14392,,56140
2017,Thüringen,1767014,1312052,408513,188802,46919,71579,227194,291466,33707,,24487,372258,171032,53340,101129,218212,294069,21131,,63277
2017,Bundesgebiet,61688485,46976341,17286238,11429231,3717922,3249238,3966637,5317499,589056,,833794,15317344,9539381,4158400,4999449,4297270,5878115,463292,,1862241
2021,Schleswig-Holstein,2272717,1776145,465975,530301,315633,167191,55523,113641,26518,,85231,388399,494055,322763,220039,64238,119566,17043,,136651
2021,Hamburg,1298792,1011044,179572,334831,237328,84603,72507,49828,6743,,37912,155220,298342,250532,114602,67578,50537,5601,,63132
2021,Niedersachsen,6105381,4563142,1323070,1603785,646848,347802,142785,292032,47466,,114784,1093579,1498500,726613,474638,148657,336434,37214,,207586
2021,Bremen,459749,330431,67992,108432,60490,22398,25923,21565,3652,,16605,56499,103224,68427,30481,25352,22575,2911,,18571
2021,Nordrhein-Westfalen,13040267,9960984,2973458,3068628,1500696,851337,317869,705020,97782,,353729,2566719,2880226,1587067,1130154,366947,717510,64990,,574417
2021,Hessen,4383047,3340639,909147,1000129,480535,315712,130457,285337,81432,,93184,753512,910035,521411,421621,142585,290978,56155,,204513
2021,Rheinland-Pfalz,3053335,2357021,686825,697183,247246,193360,84143,205790,116525,,94597,576533,685534,293135,272451,76123,215205,84396,,130775
2021,Baden-Württemberg,7711531,5997317,1767316,1247455,1058334,711697,175691,561058,143422,,277770,1477612,1287934,1022226,908039,196874,571336,103611,,382028
2021,Bayern,9517664,7608980,2788048,1316303,1023735,579804,187530,634098,587357,,436241,2402827,1361242,1067830,798591,210838,679915,566880,,483190
2021,Saarland,755223,583963,159323,208329,31091,46793,30211,56236,14936,,26194,135134,213777,,65945,41130,57629,11746,,48307
2021,Berlin,2460618,1709738,339234,366569,346880,106292,238776,151449,12134,,120785,289140,374413,370735,136998,194010,159025,14953,,143671
2021,Brandenburg,2048844,1549464,283668,437753,120005,121094,142628,279978,47029,,95603,233891,450573,137472,142426,129762,277412,40509,,117598
2021,Mecklenburg-Vorpommern,1314435,935040,180669,261408,62664,66328,116033,169977,17781,,43226,160103,267368,71956,75555,101735,165342,13344,,63456
2021,Sachsen,3253667,2488954,546282,410769,171384,220062,282800,632881,66591,,128810,422879,474804,212320,271166,230012,607044,56654,,188018
2021,Sachsen-Anhalt,1789775,1214761,299363,293197,64326,96084,127576,242065,32152,,45415,252286,305085,78701,114024,115330,235492,22509,,78513
2021,Thüringen,1707726,1279720,264026,299024,68185,89008,155618,298971,31190,,57059,213414,296446,83220,114283,144693,303233,27151,,82471
2021,Bundesgebiet,61172771,46707343,13233968,12184096,6435380,4019565,2286070,4699926,1332710,,2027145,11177747,11901558,6814408,5291013,2255864,4809233,1125667,,2922897
2025,Schleswig-Holstein,2262811,1889968,573541,424485,279298,67541,115098,302259,25139,,88868,518424,352546,279923,88147,146428,306165,13675,64777,109920
2025,Hamburg,1299289,1050805,232067,292325,214621,35299,129995,114714,9714,,13563,216935,237740,201713,47115,151115,113608,3866,41919,31609
2025,Niedersachsen,6043412,5041312,1558417,1469704,487326,148320,321569,881225,68432,,70222,1410418,1153523,576845,205163,405519,894540,37628,189376,142324
2025,Bremen,450564,350366,78673,95267,53287,9664,44408,52638,1758,,11385,71573,80604,54280,12295,51461,52496,1618,15114,8815
2025,Nordrhein-Westfalen,12884209,10587740,3566853,2633792,1230253,349157,714177,1720896,113892,6515,154894,3170627,2108434,1300901,462446,877123,1770379,52891,432911,350422
2025,Hessen,4341919,3608634,1154330,843094,411127,128781,256907,633669,80795,,64129,1033842,657510,451510,180823,311058,636778,46567,158653,104093
2025,Rheinland-Pfalz,3014482,2500548,831611,573461,204080,83327,123638,476014,80572,54639,45709,760623,462705,256869,114047,161867,498695,52013,105103,70436
2025,Baden-Württemberg,7653811,6382446,2280707,1002327,887608,271794,360037,1231221,163869,,135151,2006866,898778,865738,357539,429484,1256430,86311,260219,188633
2025,Bayern,9481659,7996557,3272064,1016841,969735,246700,366149,1384631,461198,19929,211953,2964028,920675,957435,333257,456935,1515731,345840,246518,231635
2025,Saarland,734204,605293,177003,178745,30477,20611,41215,129177,19458,,556,161113,131136,43371,25725,44080,129294,8476,37001,19527
2025,Berlin,2442042,1961177,413893,326663,338231,52575,423549,294546,9141,41787,42253,356099,295182,328035,74076,387222,296990,6402,129651,75876
2025,Brandenburg,2033539,1658681,332331,337040,86006,44451,189182,565718,53057,,34408,298048,244010,108598,53467,176224,535275,23969,176405,31342
2025,Mecklenburg-Vorpommern,1294729,1029038,205786,179547,36898,29339,144778,376846,27571,,16958,181956,126687,54719,32678,123059,357361,10814,107872,26096
2025,Sachsen,3186780,2584777,612826,247349,129025,69629,326830,986060,71775,79556,39725,507247,217144,167269,83436,290462,958401,40139,232257,73217
2025,Sachsen-Anhalt,1734719,1347837,313319,183951,48599,37603,165818,515634,42363,,23257,256538,146535,59077,41251,143807,496110,18449,150411,25171
2025,Thüringen,1652462,1333474,272827,131842,36822,28121,209947,512070,25831,96975,8791,246065,115915,56097,37292,200688,510527,20621,124760,12195
2025,Bundesgebiet,60510631,49928653,15876248,9936433,5443393,1622912,3933297,10177318,1254565,299401,961822,14160402,8149124,5762380,2148757,4356532,10328780,769279,2472947,1501311
