Datum,Bildungsgruppe,CDU/CSU,SPD,Grüne,FDP,Linke,AfD,BSW,Sonstige
2013-09-22,Hauptschulabschluss,46,30,4,,7,,,6
2013-09-22,Mittlere Reife,43,25,6,4,10,6,,8
2013-09-22,Hochschulreife,39,24,12,5,8,5,,7
2013-09-22,Hochschulabschluss,37,23,15,7,9,5,,4
2021-09-26,Hauptschulabschluss,31,35,5,8,,12,,7
2021-09-26,Mittlere Reife,26,26,10,11,4,14,,10
2021-09-26,Hochschulreife,20,23,19,14,6,8,,11
2021-09-26,Hochschulabschluss,20,20,27,14,6,5,,8
2025-02-23,Hauptschulabschluss,33,22,4,4,5,25,4,4
2025-02-23,Mittlere Reife,28,15,6,,8,29,6,5
2025-02-23,Hochschulreife,27,15,13,5,13,17,5,5
2025-02-23,Hochschulabschluss,28,16,22,6,10,11,4,
