Bundesland,Datum,Altersgruppe,CDU/CSU,SPD,Grüne,FDP,Linke,AfD,FW,BSW,SSW,NPD,BIW,Volt,Sonstige
Niedersachsen,2013-01-20,18-29 Jahre,29,31,18,6,,,,,,,,,12
Niedersachsen,2013-01-20,30-44 Jahre,36,28,17,8,,,,,,,,,8
Niedersachsen,2013-01-20,45-59 Jahre,32,35,18,7,,,,,,,,,
Niedersachsen,2013-01-20,ab 60 Jahre,40,34,8,14,,,,,,,,,
Bayern,2013-09-15,18-29 Jahre,40,19,10,3,,,9,,,,,,19
Bayern,2013-09-15,30-44 Jahre,46,17,11,4,,,10,,,,,,13
Bayern,2013-09-15,45-59 Jahre,44,22,11,3,,,10,,,,,,11
Bayern,2013-09-15,ab 60 Jahre,57,23,4,4,,,7,,,,,,5
Hessen,2013-09-22,18-29 Jahre,32,29,11,4,7,5,,,,,,,13
Hessen,2013-09-22,30-44 Jahre,37,27,13,5,6,4,,,,,,,8
Hessen,2013-09-22,45-59 Jahre,34,32,15,4,6,4,,,,,,,5
Hessen,2013-09-22,ab 60 Jahre,46,35,6,6,4,,,,,,,,
Sachsen,2014-08-31,18-29 Jahre,27,10,9,,14,13,,,,10,,,14
Sachsen,2014-08-31,30-44 Jahre,36,13,9,5,13,11,,,,7,,,7
Sachsen,2014-08-31,45-59 Jahre,41,10,6,4,18,11,,,,5,,,4
Sachsen,2014-08-31,ab 60 Jahre,44,15,,,24,7,,,,,,,
Brandenburg,2014-09-14,16-29 Jahre,20,19,10,,17,15,,,,,,,17
Brandenburg,2014-09-14,30-44 Jahre,26,26,7,,13,15,,,,,,,10
Brandenburg,2014-09-14,45-59 Jahre,24,30,9,,17,14,,,,,,,5
Brandenburg,2014-09-14,ab 60 Jahre,21,40,,,24,9,,,,,,,
Thüringen,2014-09-14,18-29 Jahre,28,9,8,,19,16,,,,,,,19
Thüringen,2014-09-14,30-44 Jahre,33,10,9,,20,13,,,,,,,12
Thüringen,2014-09-14,45-59 Jahre,34,11,6,,28,12,,,,,,,6
Thüringen,2014-09-14,ab 60 Jahre,34,15,,,36,7,,,,,,,
Hamburg,2015-02-15,16-29 Jahre,13,37,16,5,13,5,,,,,,,11
Hamburg,2015-02-15,30-44 Jahre,14,41,17,8,9,6,,,,,,,5
Hamburg,2015-02-15,45-59 Jahre,14,48,14,6,9,7,,,,,,,3
Hamburg,2015-02-15,ab 60 Jahre,22,52,5,9,5,6,,,,,,,
Bremen,2015-05-10,16-29 Jahre,18,26,20,,12,5,,,,,,,13
Bremen,2015-05-10,30-44 Jahre,21,28,20,6,11,5,,,,,,,7
Bremen,2015-05-10,45-59 Jahre,19,33,18,6,10,6,,,,,,,
Bremen,2015-05-10,ab 60 Jahre,27,41,10,8,6,5,,,,,,,
Baden-Württemberg,2016-03-13,18-29 Jahre,25,12,27,7,,16,,,,,,,14
Baden-Württemberg,2016-03-13,30-44 Jahre,27,9,29,7,,19,,,,,,,9
Baden-Württemberg,2016-03-13,45-59 Jahre,23,11,37,7,,16,,,,,,,6
Baden-Württemberg,2016-03-13,ab 60 Jahre,32,16,28,10,,11,,,,,,,
Rheinland-Pfalz,2016-03-13,18-29 Jahre,25,33,9,5,,14,,,,,,,14
Rheinland-Pfalz,2016-03-13,30-44 Jahre,29,33,6,6,,16,,,,,,,11
Rheinland-Pfalz,2016-03-13,45-59 Jahre,29,36,7,5,,15,,,,,,,8
Rheinland-Pfalz,2016-03-13,ab 60 Jahre,39,40,,8,,7,,,,,,,4
Sachsen-Anhalt,2016-03-13,18-29 Jahre,18,10,9,4,13,29,,,,,,,19
Sachsen-Anhalt,2016-03-13,30-44 Jahre,27,9,6,5,12,29,,,,,,,13
Sachsen-Anhalt,2016-03-13,45-59 Jahre,29,9,5,6,16,27,,,,,,,8
Sachsen-Anhalt,2016-03-13,ab 60 Jahre,36,13,4,5,21,18,,,,,,,4
Mecklenburg-Vorpommern,2016-09-04,18-29 Jahre,15,23,10,,13,17,,,,,,,23
Mecklenburg-Vorpommern,2016-09-04,30-44 Jahre,20,24,6,,9,24,,,,,,,17
Mecklenburg-Vorpommern,2016-09-04,45-59 Jahre,19,29,5,,13,24,,,,,,,10
Mecklenburg-Vorpommern,2016-09-04,ab 60 Jahre,19,39,2,,17,17,,,,,,,7
Berlin,2016-09-18,18-29 Jahre,14,20,19,5,17,8,,,,,,,17
Berlin,2016-09-18,30-44 Jahre,16,19,21,6,15,12,,,,,,,11
Berlin,2016-09-18,45-59 Jahre,17,20,16,7,15,17,,,,,,,7
Berlin,2016-09-18,ab 60 Jahre,21,26,8,8,16,16,,,,,,,5
Saarland,2017-03-26,18-29 Jahre,30,29,9,5,13,7,,,,,,,7
Saarland,2017-03-26,30-44 Jahre,37,26,6,,13,9,,,,,,,6
Saarland,2017-03-26,45-59 Jahre,39,32,,,14,6,,,,,,,
Saarland,2017-03-26,ab 60 Jahre,50,30,,,12,,,,,,,,
Schleswig-Holstein,2017-05-07,16-29 Jahre,22,26,16,10,7,6,,,5,,,,8
Schleswig-Holstein,2017-05-07,30-44 Jahre,29,24,12,11,5,9,,,5,,,,5
Schleswig-Holstein,2017-05-07,45-59 Jahre,30,29,15,11,,6,,,,,,,
Schleswig-Holstein,2017-05-07,ab 60 Jahre,40,29,10,13,,,,,,,,,
Nordrhein-Westfalen,2017-05-14,18-29 Jahre,23,27,10,13,7,8,,,,,,,12
Nordrhein-Westfalen,2017-05-14,30-44 Jahre,31,26,8,14,6,9,,,,,,,8
Nordrhein-Westfalen,2017-05-14,45-59 Jahre,31,32,8,12,5,9,,,,,,,4
Nordrhein-Westfalen,2017-05-14,ab 60 Jahre,40,36,,13,,4,,,,,,,
Niedersachsen,2017-10-15,18-29 Jahre,29,30,13,8,7,5,,,,,,,7
Niedersachsen,2017-10-15,30-44 Jahre,33,30,10,9,6,9,,,,,,,4
Niedersachsen,2017-10-15,45-59 Jahre,31,38,10,7,5,7,,,,,,,
Niedersachsen,2017-10-15,ab 60 Jahre,38,42,5,7,,4,,,,,,,
Bayern,2018-10-14,18-29 Jahre,28,7,22,9,5,10,10,,,,,,10
Bayern,2018-10-14,30-44 Jahre,33,7,20,6,,12,12,,,,,,8
Bayern,2018-10-14,45-59 Jahre,34,9,20,,,12,13,,,,,,5
Bayern,2018-10-14,ab 60 Jahre,47,14,12,,,8,11,,,,,,
Hessen,2018-10-28,18-29 Jahre,18,14,25,10,10,10,,,,,,,12
Hessen,2018-10-28,30-44 Jahre,23,16,22,8,7,15,,,,,,,10
Hessen,2018-10-28,45-59 Jahre,25,18,23,7,6,15,,,,,,,6
Hessen,2018-10-28,ab 60 Jahre,35,27,14,7,5,11,,,,,,,
Bremen,2019-05-26,16-29 Jahre,15,17,27,8,17,4,,,,,,,11
Bremen,2019-05-26,30-44 Jahre,23,21,22,6,12,7,,,,,,,7
Bremen,2019-05-26,45-59 Jahre,29,24,17,5,10,8,,,,,,,4
Bremen,2019-05-26,ab 60 Jahre,35,33,10,5,8,4,,,,,,,
Brandenburg,2019-09-01,16-29 Jahre,9,13,24,7,11,20,4,,,,,,13
Brandenburg,2019-09-01,30-44 Jahre,16,17,13,5,8,29,6,,,,,,6
Brandenburg,2019-09-01,45-59 Jahre,16,24,11,5,9,28,5,,,,,,
Brandenburg,2019-09-01,ab 60 Jahre,17,37,6,,14,18,5,,,,,,
Sachsen,2019-09-01,18-29 Jahre,16,6,19,7,12,21,,,,,,,19
Sachsen,2019-09-01,30-44 Jahre,25,7,12,4,8,30,,,,,,,14
Sachsen,2019-09-01,45-59 Jahre,32,6,8,5,9,33,,,,,,,8
Sachsen,2019-09-01,ab 60 Jahre,42,9,4,4,13,24,,,,,,,4
Thüringen,2019-10-27,18-29 Jahre,13,7,11,7,23,25,,,,,,,14
Thüringen,2019-10-27,30-44 Jahre,22,6,6,6,22,29,,,,,,,9
Thüringen,2019-10-27,45-59 Jahre,22,7,6,5,28,28,,,,,,,5
Thüringen,2019-10-27,ab 60 Jahre,24,11,,4,41,16,,,,,,,
Hamburg,2020-02-23,16-29 Jahre,7,27,32,6,14,3,,,,,,,12
Hamburg,2020-02-23,30-44 Jahre,10,30,33,4,10,5,,,,,,,8
Hamburg,2020-02-23,45-59 Jahre,12,40,25,5,8,6,,,,,,,5
Hamburg,2020-02-23,ab 60 Jahre,15,56,12,5,6,6,,,,,,,2
Baden-Württemberg,2021-03-14,18-29 Jahre,19,10,29,13,7,8,4,,,,,,10
Baden-Württemberg,2021-03-14,30-44 Jahre,22,9,29,12,5,11,4,,,,,,8
Baden-Württemberg,2021-03-14,45-59 Jahre,23,10,35,11,,11,,,,,,,5
Baden-Württemberg,2021-03-14,ab 60 Jahre,29,14,36,8,,8,,,,,,,
Rheinland-Pfalz,2021-03-14,18-29 Jahre,16,26,18,9,,6,5,,,,,,20
Rheinland-Pfalz,2021-03-14,30-44 Jahre,25,31,10,6,,11,6,,,,,,11
Rheinland-Pfalz,2021-03-14,45-59 Jahre,27,36,10,5,,10,6,,,,,,7
Rheinland-Pfalz,2021-03-14,ab 60 Jahre,35,43,5,4,,6,5,,,,,,
Sachsen-Anhalt,2021-06-06,18-29 Jahre,18,7,13,12,10,18,4,,,,,,18
Sachsen-Anhalt,2021-06-06,30-44 Jahre,29,7,8,6,9,27,4,,,,,,11
Sachsen-Anhalt,2021-06-06,45-59 Jahre,37,7,6,7,10,24,,,,,,,7
Sachsen-Anhalt,2021-06-06,ab 60 Jahre,47,11,,5,13,15,,,,,,,
Saarland,2022-03-27,18-29 Jahre,19,35,10,9,5,6,,,,,,,17
Saarland,2022-03-27,30-44 Jahre,26,36,7,6,,8,,,,,,,14
Saarland,2022-03-27,45-59 Jahre,26,45,5,5,,7,,,,,,,10
Saarland,2022-03-27,ab 60 Jahre,34,49,,,,4,,,,,,,5
Schleswig-Holstein,2022-05-08,16-29 Jahre,24,13,26,12,,4,,,7,,,,15
Schleswig-Holstein,2022-05-08,30-44 Jahre,38,14,21,6,,7,,,7,,,,8
Schleswig-Holstein,2022-05-08,45-59 Jahre,47,13,18,6,,5,,,6,,,,5
Schleswig-Holstein,2022-05-08,ab 60 Jahre,50,20,15,5,,3,,,4,,,,
Nordrhein-Westfalen,2022-05-15,18-29 Jahre,19,20,25,13,,5,,,,,,,19
Nordrhein-Westfalen,2022-05-15,30-44 Jahre,30,20,22,8,,7,,,,,,,13
Nordrhein-Westfalen,2022-05-15,45-59 Jahre,35,25,21,5,,7,,,,,,,7
Nordrhein-Westfalen,2022-05-15,ab 60 Jahre,44,33,13,3,,3,,,,,,,4
Niedersachsen,2022-10-09,18-29 Jahre,19,22,20,10,5,10,,,,,,,14
Niedersachsen,2022-10-09,30-44 Jahre,24,24,16,5,4,17,,,,,,,9
Niedersachsen,2022-10-09,45-59 Jahre,28,33,15,5,,13,,,,,,,5
Niedersachsen,2022-10-09,ab 60 Jahre,33,43,12,3,,6,,,,,,,
Berlin,2023-02-12,18-29 Jahre,14,10,26,7,19,6,,,,,,,17
Berlin,2023-02-12,30-44 Jahre,21,14,27,5,13,9,,,,,,,12
Berlin,2023-02-12,45-59 Jahre,32,18,19,5,9,11,,,,,,,8
Berlin,2023-02-12,ab 60 Jahre,38,26,9,3,11,9,,,,,,,5
Bremen,2023-05-14,16-29 Jahre,15,23,19,8,17,,,,,,6,,13
Bremen,2023-05-14,30-44 Jahre,22,24,18,6,10,,,,,,9,,11
Bremen,2023-05-14,45-59 Jahre,30,29,10,5,9,,,,,,12,,6
Bremen,2023-05-14,ab 60 Jahre,31,37,7,4,10,,,,,,8,,3
Bayern,2023-10-08,18-29 Jahre,23,8,18,6,,16,14,,,,,,14
Bayern,2023-10-08,30-44 Jahre,31,7,17,3,,17,16,,,,,,8
Bayern,2023-10-08,45-59 Jahre,37,7,15,3,,16,17,,,,,,6
Bayern,2023-10-08,ab 60 Jahre,47,11,11,,,10,16,,,,,,3
Hessen,2023-10-08,18-29 Jahre,22,13,14,9,7,19,5,,,,,,12
Hessen,2023-10-08,30-44 Jahre,29,13,15,5,4,22,5,,,,,,8
Hessen,2023-10-08,45-59 Jahre,35,12,17,5,,21,4,,,,,,4
Hessen,2023-10-08,ab 60 Jahre,43,20,13,4,,13,,,,,,,
Sachsen,2024-09-01,18-29 Jahre,15,9,9,,13,29,,10,,,,,15
Sachsen,2024-09-01,30-44 Jahre,24,9,9,,6,32,,10,,,,,11
Sachsen,2024-09-01,45-59 Jahre,31,7,5,,3,34,,11,,,,,9
Sachsen,2024-09-01,ab 60 Jahre,42,7,,,3,28,,14,,,,,6
Thüringen,2024-09-01,18-29 Jahre,13,9,6,,15,35,,12,,,,,10
Thüringen,2024-09-01,30-44 Jahre,19,7,6,,11,37,,13,,,,,8
Thüringen,2024-09-01,45-59 Jahre,23,5,3,,10,39,,15,,,,,5
Thüringen,2024-09-01,ab 60 Jahre,29,6,,,16,26,,19,,,,,3
Brandenburg,2024-09-22,16-29 Jahre,10,21,6,,7,30,,13,,,,,11
Brandenburg,2024-09-22,30-44 Jahre,12,22,7,,4,33,3,13,,,,,7
Brandenburg,2024-09-22,45-59 Jahre,14,28,5,,,34,3,12,,,,,4
Brandenburg,2024-09-22,ab 60 Jahre,12,41,,,,23,,15,,,,,
Hamburg,2025-03-02,16-29 Jahre,12,25,18,,25,5,,,,,,5,10
Hamburg,2025-03-02,30-44 Jahre,15,27,25,,13,8,,,,,,5,7
Hamburg,2025-03-02,45-59 Jahre,22,34,21,,7,9,,,,,,3,5
Hamburg,2025-03-02,ab 60 Jahre,26,43,13,,6,6,,,,,,,4
Baden-Württemberg,2026-03-08,16-29 Jahre,17,6,28,6,12,20,,,,,,,13
Baden-Württemberg,2026-03-08,30-44 Jahre,23,4,29,4,6,25,,,,,,,10
Baden-Württemberg,2026-03-08,45-59 Jahre,31,4,31,4,3,21,,,,,,,6
Baden-Württemberg,2026-03-08,ab 60 Jahre,38,7,32,4,,13,,,,,,,4
Rheinland-Pfalz,2026-03-22,18-29 Jahre,14,18,10,4,16,21,5,,,,,,11
Rheinland-Pfalz,2026-03-22,30-44 Jahre,22,19,10,2,6,25,6,,,,,,8
Rheinland-Pfalz,2026-03-22,45-59 Jahre,31,24,9,2,2,23,5,,,,,,5
Rheinland-Pfalz,2026-03-22,ab 60 Jahre,41,33,6,2,1,13,3,,,,,,2
Sachsen-Anhalt,2026-09-06,18-29 Jahre,5,9,13,3,16,44,,5,,,,,6
Sachsen-Anhalt,2026-09-06,30-44 Jahre,9,8,13,,9,49,,5,,,,,6
Sachsen-Anhalt,2026-09-06,45-59 Jahre,15,7,9,3,6,51,,6,,,,,4
Sachsen-Anhalt,2026-09-06,ab 60 Jahre,27,12,5,3,9,36,,5,,,,,3
Berlin,2026-09-20,16-29 Jahre,8,8,11,,47,10,,6,,,,,10
Berlin,2026-09-20,30-44 Jahre,12,10,17,,33,14,,4,,,,,10
Berlin,2026-09-20,45-59 Jahre,21,12,18,,18,19,,4,,,,,8
Berlin,2026-09-20,ab 60 Jahre,30,17,11,,13,19,,5,,,,,5
Mecklenburg-Vorpommern,2026-09-20,16-29 Jahre,,22,8,,19,37,,5,,,,,7
Mecklenburg-Vorpommern,2026-09-20,30-44 Jahre,3,28,9,,7,43,,4,,,,,5
Mecklenburg-Vorpommern,2026-09-20,45-59 Jahre,5,31,6,,4,45,,5,,,,,3
Mecklenburg-Vorpommern,2026-09-20,ab 60 Jahre,6,47,3,,4,32,,5,,,,,
