Bundesland,Datum,Geschlecht,CDU/CSU,SPD,Grüne,FDP,Linke,AfD,FW,BSW,NPD,Sonstige
Sachsen,2014-08-31,männlich,37,12,5,4,19,12,,,7,5
Sachsen,2014-08-31,weiblich,43,13,7,4,18,8,,,,5
Bremen,2015-05-10,männlich,22,32,13,7,10,6,,,,6
Bremen,2015-05-10,weiblich,22,34,18,5,9,4,,,,5
Rheinland-Pfalz,2016-03-13,männlich,31,34,5,7,,15,,,,9
Rheinland-Pfalz,2016-03-13,weiblich,33,39,6,6,,9,,,,7
Sachsen-Anhalt,2016-03-13,männlich,27,10,5,5,16,28,,,,9
Sachsen-Anhalt,2016-03-13,weiblich,33,11,6,5,16,20,,,,10
Sachsen,2019-09-01,männlich,29,7,8,4,10,33,,,,8
Sachsen,2019-09-01,weiblich,35,8,10,5,10,22,,,,11
Baden-Württemberg,2021-03-14,männlich,23,11,30,12,4,12,,,,5
Baden-Württemberg,2021-03-14,weiblich,24,11,37,9,4,7,,,,6
Rheinland-Pfalz,2021-03-14,männlich,27,34,9,6,,10,6,,,8
Rheinland-Pfalz,2021-03-14,weiblich,27,38,10,5,,6,6,,,9
Sachsen-Anhalt,2021-06-06,männlich,33,8,6,7,11,26,,,,6
Sachsen-Anhalt,2021-06-06,weiblich,41,8,6,6,11,16,,,,9
Sachsen,2024-09-01,männlich,29,7,6,,4,35,,10,,8
Sachsen,2024-09-01,weiblich,34,8,5,,5,25,,13,,10
Brandenburg,2024-09-22,männlich,12,29,4,,3,35,,12,,4
Brandenburg,2024-09-22,weiblich,12,33,5,,4,24,3,15,,5
Baden-Württemberg,2026-03-08,männlich,30,5,28,5,4,22,,,,6
Baden-Württemberg,2026-03-08,weiblich,29,6,33,4,5,16,,,,8
Rheinland-Pfalz,2026-03-22,männlich,31,24,8,2,4,23,5,,,4
Rheinland-Pfalz,2026-03-22,weiblich,30,28,9,2,5,16,4,,,6
