Bundesland,Datum,CDU/CSU,SPD,Grüne,FDP,Linke,AfD,FW,BSW,SSW,BIW,Sonstige
Baden-Württemberg,2016-03-13,27.0,12.7,30.3,8.3,2.9,15.1,0.1,,,,3.6
Baden-Württemberg,2021-03-14,24.1,11.0,32.6,10.5,3.6,9.7,3.0,,,,5.5
Baden-Württemberg,2026-03-08,29.7,5.5,30.2,4.4,4.4,18.8,1.9,1.4,,,3.7
Bayern,2013-09-15,47.7,20.6,8.6,3.3,2.1,,9.0,,,,8.7
Bayern,2018-10-14,37.2,9.7,17.6,5.1,3.2,10.2,11.6,,,,5.4
Bayern,2023-10-08,37.0,8.4,14.4,3.0,1.5,14.6,15.8,,,,5.3
Berlin,2016-09-18,17.6,21.6,15.2,6.7,15.6,14.2,,,,,9.1
Berlin,2021-09-26,28.2,18.4,18.4,4.6,12.2,9.1,0.3,,,,8.8
Brandenburg,2014-09-14,23.0,31.9,6.2,1.5,18.6,12.2,2.7,,,,3.9
Brandenburg,2019-09-01,15.6,26.2,10.8,4.1,10.7,23.5,5.0,,,,4.1
Brandenburg,2024-09-22,12.1,30.9,4.1,0.8,3.0,29.2,2.6,13.5,,,3.8
Bremen,2015-05-10,22.4,32.8,15.1,6.6,9.5,5.5,,,,3.2,4.9
Bremen,2019-05-26,26.7,24.9,17.4,5.9,11.3,6.1,1.0,,,2.4,4.3
Bremen,2023-05-14,26.2,29.8,11.9,5.1,10.9,,,,,9.4,6.7
Hamburg,2015-02-15,15.9,45.6,12.3,7.4,8.5,6.1,,,,,4.2
Hamburg,2020-02-23,11.2,39.2,24.2,5.0,9.1,5.3,0.6,,,,5.4
Hamburg,2025-03-02,19.8,33.5,18.5,2.3,11.2,7.5,0.3,1.8,,,5.1
Hessen,2013-09-22,38.3,30.7,11.1,5.0,5.2,4.1,1.2,,,,4.4
Hessen,2018-10-28,27.0,19.8,19.8,7.5,6.3,13.1,3.0,,,,3.5
Hessen,2023-10-08,34.6,15.1,14.8,5.0,3.1,18.4,3.5,,,,5.5
Mecklenburg-Vorpommern,2016-09-04,19.0,30.6,4.8,3.0,13.2,20.8,0.6,,,,8.0
Mecklenburg-Vorpommern,2021-09-26,13.3,39.6,6.3,5.8,9.9,16.7,1.1,,,,7.3
Mecklenburg-Vorpommern,2026-09-20,4.9,35.5,5.7,1.0,6.5,38.2,0.4,4.8,,,3.0
Niedersachsen,2013-01-20,36.0,32.6,13.7,9.9,3.1,,1.1,,,,3.6
Niedersachsen,2017-10-15,33.6,36.9,8.7,7.5,4.6,6.2,0.4,,,,2.1
Niedersachsen,2022-10-09,28.1,33.4,14.5,4.7,2.7,11.0,0.8,,,,4.8
Nordrhein-Westfalen,2017-05-14,33.0,31.2,6.4,12.6,4.9,7.4,0.4,,,,4.1
Nordrhein-Westfalen,2022-05-15,35.7,26.7,18.2,5.9,2.1,5.4,0.7,,,,5.3
Rheinland-Pfalz,2016-03-13,31.8,36.2,5.3,6.2,2.8,12.6,2.2,,,,2.9
Rheinland-Pfalz,2021-03-14,27.7,35.7,9.3,5.5,2.5,8.3,5.4,,,,5.6
Rheinland-Pfalz,2026-03-22,31.0,25.9,7.9,2.1,4.4,19.5,4.2,1.9,,,3.1
Saarland,2017-03-26,40.7,29.6,4.0,3.3,12.8,6.2,0.4,,,,3.0
Saarland,2022-03-27,28.5,43.5,5.0,4.8,2.6,5.7,1.7,,,,8.2
Sachsen,2014-08-31,39.4,12.4,5.7,3.8,18.9,9.7,1.6,,,,8.5
Sachsen,2019-09-01,32.1,7.7,8.6,4.5,10.4,27.5,3.4,,,,5.8
Sachsen,2024-09-01,31.9,7.3,5.1,0.9,4.5,30.6,2.3,11.8,,,5.6
Sachsen-Anhalt,2016-03-13,29.8,10.6,5.2,4.9,16.3,24.3,2.2,,,,6.7
Sachsen-Anhalt,2021-06-06,37.1,8.4,5.9,6.4,11.0,20.8,3.1,,,,7.3
Sachsen-Anhalt,2026-09-06,17.2,9.3,8.9,2.6,8.6,43.8,1.2,5.3,,,3.1
Schleswig-Holstein,2017-05-07,32.0,27.3,12.9,11.5,3.8,5.9,0.6,,3.3,,2.7
Schleswig-Holstein,2022-05-08,43.4,16.0,18.3,6.4,1.7,4.4,0.6,,5.7,,3.5
Thüringen,2014-09-14,33.5,12.4,5.7,2.5,28.2,10.6,1.7,,,,5.4
Thüringen,2019-10-27,21.7,8.2,5.2,5.0,31.0,23.4,,,,,5.5
Thüringen,2024-09-01,23.6,6.1,3.2,1.1,13.1,32.8,1.3,15.8,,,3.0
