Datum,sehr zufrieden,zufrieden,weniger zufrieden,gar nicht zufrieden
2013-05-01,2,41,40,16
2013-07-31,3,49,35,12
2013-09-12,4,43,43,10
2014-03-05,2,45,41,10
2014-04-01,2,48,39,9
2014-04-29,2,48,42,7
2014-06-03,4,48,37,10
2014-08-05,3,56,32,7
2014-09-02,3,54,36,6
2014-09-30,2,53,36,8
2014-11-04,2,49,40,8
2014-12-02,3,50,38,8
2015-02-03,3,54,34,7
2015-03-03,5,53,34,7
2015-03-31,2,54,36,6
2015-05-05,3,51,37,7
2015-06-02,2,50,38,9
2015-06-30,3,54,33,9
2015-07-28,4,50,36,8
2015-09-01,3,50,35,9
2015-09-29,3,45,38,13
2015-11-03,2,40,42,15
2015-12-01,3,45,38,13
2016-01-05,3,48,36,12
2016-02-02,1,37,46,15
2016-02-27,2,39,45,13
2016-04-05,3,45,40,11
2016-05-03,2,44,39,13
2016-05-31,2,40,43,14
2016-07-05,3,45,40,12
2016-08-02,3,41,43,12
2016-08-30,3,41,41,14
2016-10-05,3,45,40,12
2016-11-02,2,41,44,12
2016-12-06,3,44,43,9
2017-01-03,2,49,38,10
2017-01-31,1,47,42,9
2017-03-07,2,42,43,12
2017-04-11,2,51,34,13
2017-05-10,3,52,35,9
2017-08-08,2,45,36,15
2017-09-05,2,48,37,12
2018-05-08,1,33,46,17
2018-06-12,2,35,43,20
2018-07-04,0,21,46,32
2018-07-31,0,25,53,21
2018-10-09,1,23,49,27
2018-11-13,1,24,54,21
2018-12-04,2,34,44,20
2019-01-08,1,34,46,19
2019-02-12,0,31,47,21
2019-03-12,1,29,49,21
2019-04-02,1,32,44,22
2019-04-30,2,36,45,17
2019-06-04,1,27,47,25
2019-07-02,1,28,45,25
2019-07-30,1,31,45,22
2019-09-04,2,31,44,23
2019-10-08,1,31,47,20
2019-11-05,1,31,44,23
2019-12-03,1,30,44,24
2020-01-08,1,35,45,18
2020-02-04,0,32,47,21
2020-03-03,2,33,42,23
2020-03-31,9,54,25,11
2020-05-05,10,54,26,9
2020-06-03,9,53,26,12
2020-06-30,10,53,26,10
2020-08-04,9,55,23,11
2020-09-01,8,58,22,11
2020-09-29,7,55,27,10
2020-12-01,9,53,24,13
2021-01-05,7,53,25,14
2021-02-02,6,49,28,17
2021-03-02,5,45,34,15
2021-03-30,2,33,40,24
2021-05-05,2,35,40,22
2021-06-09,4,41,37,17
2021-06-30,3,42,38,15
2021-08-04,2,41,37,18
2021-09-01,4,34,39,21
2022-01-05,3,43,24,13
2022-02-02,2,36,35,22
2022-03-02,6,50,26,15
2022-04-06,4,43,33,18
2022-04-27,2,39,39,18
2022-06-01,2,37,39,20
2022-07-06,2,39,35,23
2022-08-03,2,34,34,29
2022-08-31,1,30,37,31
2022-10-05,1,28,40,28
2022-11-02,2,26,38,31
2022-11-30,2,28,41,27
2023-01-04,2,32,38,26
2023-02-01,1,32,40,24
2023-03-01,2,31,39,26
2023-04-05,1,26,44,27
2023-05-03,1,27,39,30
2023-05-31,1,19,45,34
2023-07-05,1,22,42,33
2023-08-02,1,20,41,37
2023-08-30,0,19,44,35
2023-09-27,1,18,39,40
2023-11-01,1,22,36,40
2023-12-06,1,16,37,45
2024-01-03,1,16,36,46
2024-01-31,1,16,38,43
2024-03-06,1,18,39,41
2024-04-03,2,19,37,41
2024-04-30,1,18,38,41
2024-05-29,1,22,37,37
2024-07-03,0,19,41,38
2024-08-07,2,18,42,37
2024-09-04,1,15,37,47
2024-10-09,0,19,43,36
2024-10-30,1,13,41,44
2025-06-03,3,37,28,23
2025-07-02,3,36,32,22
2025-08-06,1,28,41,28
2025-09-02,1,21,46,29
2025-10-01,0,20,43,34
2025-11-05,1,21,45,31
2025-12-03,1,19,44,34
2026-01-07,1,19,46,32
2026-02-04,1,20,43,35
2026-03-04,1,24,39,34
2026-03-31,0,15,45,39
2026-05-06,1,12,41,45
2026-06-02,1,11,41,46
2026-07-01,1,12,37,49
2026-08-05,1,12,36,49
2026-09-02,1,14,39,45
2026-09-30,1,9,37,52
