Bundesland,Institut,Datum,CDU/CSU,SPD,GRÜNE,FDP,LINKE,AfD,FW,BSW,Sonstige,Befragte,Zeitraum
Baden-Württemberg,Infratest dimap,12.02.2025,33 %,12 %,18 %,5 %,5 %,18 %,,4 %,5 %,1.160,05.02.–10.02.
Baden-Württemberg,Infratest dimap,12.12.2024,34 %,15 %,18 %,5 %,–,16 %,,4 %,8 %,1.156,05.12.–10.12.
Baden-Württemberg,INSA,07.12.2024,33 %,13 %,18 %,6 %,2 %,18 %,,7 %,2 %,1.000,25.11.–02.12.
Baden-Württemberg,Forsa,04.02.2019,33 %,10 %,24 %,10 %,6 %,12 %,,,5 %,1.007,29.01.–01.02.
Baden-Württemberg,Forsa,25.02.2018,35 %,13 %,17 %,11 %,8 %,12 %,,,4 %,1.003,08.02.–22.02.
Baden-Württemberg,Infratest dimap,07.09.2017,42 %,17 %,12 %,9 %,6 %,11 %,,,3 %,1.002,31.08.–05.09.
Baden-Württemberg,Infratest dimap,06.07.2017,43 %,19 %,14 %,9 %,4 %,8 %,,,3 %,1.002,30.06.–04.07.
Baden-Württemberg,Forsa,15.12.2015,43 %,18 %,14 %,6 %,6 %,9 %,,,4 %,1.064,02.12.–11.12.
Baden-Württemberg,Forsa,12.05.2015,46 %,18 %,13 %,6 %,5 %,6 %,,,6 %,1.010,23.04.–07.05.
Baden-Württemberg,Infratest dimap,16.05.2013,45 %,22 %,19 %,4 %,2 %,3 %,,,5 %,1.005,13.05.-15.05.
Bayern,Forsa,12.09.2025,33 %,9 %,13 %,3 %,8 %,24 %,3 %,2 %,5 %,1.012,01.09.–10.09.
Bayern,GMS,20.02.2025,42 %,10 %,11 %,4 %,3 %,19 %,5 %,2 %,4 %,1.026,16.02.–19.02.
Bayern,GMS,07.02.2025,42 %,9 %,12 %,3 %,2 %,19 %,5 %,3 %,5 %,1.017,04.02.–07.02.
Bayern,Infratest dimap,15.01.2025,42 %,10 %,14 %,4 %,–,16 %,5 %,,9 %,1.179,09.01.–13.01.
Bayern,GMS,03.01.2025,44 %,9 %,11 %,3 %,2 %,17 %,4 %,4 %,6 %,1.025,27.12.–02.01.
Bayern,GMS,03.12.2024,45 %,9 %,10 %,3 %,2 %,16 %,4 %,4 %,7 %,1.043,27.11.–02.12.
Bayern,Infratest dimap,27.11.2024,45 %,9 %,13 %,3 %,–,17 %,4 %,3 %,6 %,1.156,20.11.–25.11.
Bayern,GMS,11.11.2024,43 %,9 %,9 %,3 %,1 %,16 %,7 %,5 %,7 %,1.035,07.11.–11.11.
Bayern,GMS,17.09.2024,42 %,9 %,10 %,3 %,1 %,15 %,8 %,5 %,7 %,1.048,11.09.–16.09.
Bayern,Forsa,24.05.2022,34 %,14 %,21 %,8 %,2 %,8 %,7 %,,6 %,1.235,27.04.–13.05.
Bayern,GMS,16.09.2021,29 %,17 %,16 %,13 %,5 %,11 %,5 %,,4 %,1.002,13.09.–15.09.
Bayern,GMS,14.09.2021,28 %,18 %,17 %,12 %,4 %,11 %,6 %,,4 %,1.005,08.09.–13.09.
Bayern,Infratest dimap,08.09.2021,28 %,18 %,16 %,12 %,3 %,10 %,7 %,,6 %,1.195,02.09.–06.09.
Bayern,GMS,07.09.2021,29 %,15 %,18 %,13 %,3 %,10 %,6 %,,6 %,1.004,01.09.–06.09.
Bayern,GMS,28.07.2021,35 %,9 %,20 %,12 %,4 %,9 %,7 %,,4 %,1.003,21.07.–27.07.
Bayern,INSA,21.07.2021,36 %,11 %,19 %,9 %,4 %,9 %,8 %,,4 %,1.000,12.07.–19.07.
Bayern,Infratest dimap,08.07.2021,36 %,9 %,18 %,11 %,4 %,10 %,6 %,,6 %,1.186,02.07.–06.07.
Bayern,GMS,22.06.2021,34 %,10 %,22 %,11 %,3 %,9 %,5 %,,6 %,1.007,16.06.–21.06.
Bayern,Forsa,19.05.2021,32 %,9 %,26 %,9 %,4 %,10 %,4 %,,6 %,1.016,10.05.–17.05.
Bayern,GMS,18.05.2021,32 %,8 %,26 %,11 %,4 %,10 %,4 %,,5 %,1.003,11.05.–17.05.
Bayern,GMS,22.04.2021,34 %,10 %,25 %,11 %,5 %,10 %,3 %,,2 %,1.001,20.04.–22.04.
Bayern,Forsa,14.04.2021,39 %,10 %,22 %,7 %,5 %,10 %,,,7 %,1.075,Ende März – Anfang April
Bayern,GMS,03.12.2019,35 %,10 %,21 %,8 %,5 %,13 %,3 %,,5 %,1.003,27.11.–02.12.
Bayern,GMS,25.06.2019,36 %,9 %,24 %,9 %,4 %,11 %,4 %,,3 %,1.005,18.06.–24.06.
Bayern,INSA,27.06.2018,37 %,14 %,13 %,7 %,5 %,16 %,4 %,,4 %,1.231,25.06.–27.06.
Bayern,Forsa,25.06.2018,36 %,13 %,14 %,9 %,7 %,15 %,,,6 %,1.033,21.06.–22.06.
Bayern,Forsa,25.02.2018,40 %,13 %,14 %,8 %,6 %,12 %,?,,7 %,1.027,08.02.–22.02.
Bayern,GMS,12.02.2018,39 %,14 %,12 %,8 %,5 %,14 %,3 %,,5 %,1.510,01.02.–09.02.
Bayern,GMS,02.01.2018,38 %,15 %,10 %,9 %,5 %,14 %,4 %,,5 %,1.007,27.12.–01.01.
Bayern,INSA,13.12.2017,37 %,15 %,12 %,9 %,6 %,13 %,4 %,,4 %,1.003,12.12.–13.12.
Bayern,GMS,30.11.2017,36 %,15 %,11 %,9 %,6 %,14 %,4 %,,5 %,1.006,27.11.–29.11.
Bayern,Forsa,10.11.2017,36 %,15 %,12 %,11 %,6 %,13 %,,,7 %,1.017,06.11.–09.11.
Bayern,GMS,21.09.2017,47 %,18 %,7 %,8 %,4 %,9 %,2 %,,5 %,1.005,14.09.–20.09.
Bayern,GMS,07.09.2017,48 %,19 %,7 %,9 %,3 %,8 %,2 %,,4 %,1.011,31.08.–06.09.
Bayern,Infratest dimap,06.09.2017,47 %,17 %,9 %,7 %,5 %,8 %,,,7 %,1.000,30.08.–04.09.
Bayern,GMS,16.08.2017,48 %,19 %,8 %,9 %,3 %,6 %,3 %,,4 %,1.011,08.08.–15.08.
Bayern,GMS,06.07.2017,49 %,20 %,8 %,7 %,3 %,7 %,2 %,,4 %,1.009,29.06.–05.07.
Bayern,GMS,01.06.2017,47 %,20 %,7 %,8 %,4 %,8 %,2 %,,4 %,1.008,26.05.–31.05.
Bayern,Infratest dimap,31.05.2017,48 %,18 %,8 %,10 %,4 %,7 %,,,5 %,1.000,23.05.–29.05.
Bayern,GMS,04.05.2017,44 %,23 %,7 %,6 %,4 %,9 %,2 %,,5 %,1.004,30.04.–03.05.
Bayern,GMS,23.03.2017,45 %,22 %,8 %,6 %,4 %,9 %,3 %,,3 %,1.028,16.03.–22.03.
Bayern,GMS,09.02.2017,44 %,20 %,10 %,6 %,4 %,10 %,3 %,,3 %,1.030,02.02.–08.02.
Bayern,Kantar Public,03.02.2017,42 %,22 %,9 %,6 %,4 %,12 %,,,5 %,1.001,30.01.–01.02.
Bayern,GMS,04.01.2017,46 %,17 %,10 %,6 %,4 %,10 %,3 %,,4 %,1.008,28.12.–03.01.
Bayern,Forsa,20.07.2016,44 %,16 %,13 %,6 %,5 %,9 %,,,7 %,1.003,04.07.–15.07.
Bayern,Forsa,08.06.2016,41 %,15 %,13 %,6 %,6 %,12 %,,,7 %,1.010,23.05.–03.06.
Bayern,GMS,04.01.2016,45 %,20 %,11 %,4 %,3 %,9 %,3 %,,5 %,1.019,28.12.–03.01.
Bayern,Forsa,07.10.2015,44 %,18 %,10 %,5 %,5 %,9 %,,,9 %,1.007,23.09.–02.10.
Bayern,Forsa,08.04.2015,50 %,18 %,10 %,5 %,4 %,6 %,,,7 %,1.266,19.03.–31.03.
Bayern,GMS,03.12.2014,50 %,20 %,9 %,3 %,4 %,6 %,2 %,,,2.000,??.11.-??.11.
Bayern,GMS,19.09.2013,47 %,22 %,8 %,5 %,2 %,4 %,3 %,,9 %,1.009,17.09.-18.09.
Bayern,Emnid,28.08.2013,49 %,18 %,13 %,5 %,?,?,,,,1.000,23.08.-24.08.
Bayern,GMS,11.07.2013,49 %,19 %,14 %,4 %,3 %,2 %,3 %,,6 %,1.007,08.07.-10.07.
Bayern,Emnid,10.07.2013,48 %,19 %,13 %,5 %,3 %,1 %,,,11 %,1.000,04.07.-06.07.
Bayern,Forsa,28.05.2013,49 %,18 %,14 %,4 %,3 %,3 %,,,9 %,1.102,08.05.-23.05.
Bayern,GMS,06.03.2013,49 %,21 %,14 %,4 %,3 %,–,2 %,,,1.004,04.02.-15.02.
Berlin,Infratest dimap,20.11.2024,24 %,13 %,22 %,4 %,5 %,17 %,,7 %,8 %,1.179,14.11.–18.11.
Berlin,Forsa,11.02.2020,21 %,12 %,26 %,6 %,16 %,10 %,,,9 %,1.011,29.01.–06.02.
Berlin,Forsa,26.12.2019,21 %,13 %,24 %,7 %,16 %,10 %,,,9 %,1.005,12.12.–19.12.
Berlin,Forsa,03.12.2019,20 %,14 %,24 %,7 %,16 %,11 %,,,8 %,1.006,21.11.–26.11.
Berlin,Forsa,06.11.2019,22 %,13 %,24 %,6 %,15 %,11 %,,,9 %,1.002,22.10.–31.10.
Berlin,Forsa,02.10.2019,22 %,13 %,24 %,7 %,15 %,11 %,,,8 %,1.002,17.09.–26.09.
Berlin,Forsa,31.08.2019,22 %,12 %,24 %,7 %,17 %,10 %,,,8 %,1.003,20.08.–29.08.
Berlin,Forsa,29.07.2019,22 %,14 %,24 %,6 %,17 %,10 %,,,7 %,1.001,17.07.–25.07.
Berlin,Forsa,01.07.2019,21 %,14 %,24 %,7 %,16 %,11 %,,,7 %,1.004,17.06.–27.06.
Berlin,Forsa,03.06.2019,19 %,14 %,25 %,7 %,16 %,12 %,,,7 %,1.006,20.05.–27.05.
Berlin,Forsa,26.04.2019,20 %,14 %,24 %,7 %,16 %,13 %,,,6 %,1.005,16.04.–25.04.
Berlin,Forsa,04.04.2019,21 %,13 %,24 %,8 %,16 %,12 %,,,6 %,1.003,19.03.–28.03.
Berlin,Forsa,05.03.2019,24 %,13 %,23 %,7 %,15 %,12 %,,,6 %,1.001,20.02.–28.02.
Berlin,Forsa,05.02.2019,23 %,12 %,23 %,7 %,17 %,12 %,,,6 %,1.002,22.01.–31.01.
Berlin,Forsa,01.01.2019,21 %,13 %,23 %,8 %,16 %,14 %,,,5 %,1.009,11.12.–19.12.
Berlin,Forsa,06.12.2018,19 %,12 %,25 %,8 %,17 %,15 %,,,4 %,1.003,19.11.–29.11.
Berlin,Forsa,26.10.2018,18 %,12 %,26 %,8 %,18 %,14 %,,,4 %,1.005,??.10.–??.10.
Berlin,Forsa,01.10.2018,19 %,14 %,22 %,7 %,20 %,15 %,,,3 %,1.005,19.09.–27.09.
Berlin,Forsa,03.09.2018,21 %,15 %,20 %,6 %,19 %,15 %,,,4 %,1.004,21.08.–30.08.
Berlin,Forsa,31.07.2018,21 %,15 %,18 %,7 %,20 %,15 %,,,4 %,1.009,16.07.–26.07.
Berlin,Forsa,01.07.2018,21 %,17 %,18 %,8 %,19 %,13 %,,,4 %,1.009,20.06.–28.06.
Berlin,Forsa,01.06.2018,23 %,16 %,18 %,8 %,19 %,12 %,,,4 %,1.004,22.05.–31.05.
Berlin,Forsa,04.05.2018,23 %,17 %,16 %,8 %,19 %,12 %,,,5 %,1.001,17.04.–26.04.
Berlin,Forsa,04.04.2018,23 %,17 %,15 %,8 %,20 %,13 %,,,4 %,1.003,19.03.–28.03.
Berlin,Forsa,26.02.2018,25 %,17 %,15 %,8 %,19 %,11 %,,,5 %,1.006,12.02.–22.02.
Berlin,Forsa,31.01.2018,24 %,18 %,15 %,7 %,19 %,11 %,,,6 %,1.008,15.01.–25.01.
Berlin,Forsa,02.01.2018,24 %,18 %,15 %,6 %,19 %,11 %,,,7 %,1.002,12.12.–21.12.
Berlin,Forsa,26.11.2017,23 %,19 %,14 %,8 %,18 %,11 %,,,7 %,1.002,13.11.–23.11.
Berlin,Forsa,01.11.2017,23 %,20 %,13 %,9 %,18 %,11 %,,,6 %,1.011,17.10.–26.10.
Berlin,Infratest dimap,12.09.2017,26 %,19 %,11 %,7 %,18 %,12 %,,,7 %,1.000,06.09.–09.09.
Berlin,Forsa,03.09.2017,26 %,23 %,10 %,11 %,16 %,9 %,,,5 %,1.005,22.08.–30.08.
Berlin,Forsa,01.08.2017,31 %,22 %,11 %,7 %,16 %,7 %,,,6 %,1.007,18.07.–27.07.
Berlin,Forsa,06.07.2017,30 %,22 %,11 %,8 %,16 %,7 %,,,6 %,1.003,22.06.–29.06.
Berlin,Forsa,30.05.2017,29 %,24 %,10 %,8 %,15 %,7 %,,,7 %,1.001,16.05.–24.05.
Berlin,Infratest dimap,23.05.2017,29 %,22 %,11 %,8 %,16 %,10 %,,,4 %,1.000,17.05.–20.05.
Berlin,Forsa,03.05.2017,25 %,28 %,9 %,6 %,16 %,8 %,,,8 %,1.002,19.04.–27.04.
Berlin,Forsa,03.04.2017,25 %,28 %,10 %,6 %,15 %,8 %,,,8 %,1.005,20.03.–30.03.
Berlin,Forsa,27.02.2017,21 %,30 %,10 %,6 %,15 %,10 %,,,8 %,1.004,13.02.–23.02.
Berlin,Forsa,30.01.2017,26 %,20 %,14 %,6 %,15 %,13 %,,,6 %,1.008,16.01.–26.01.
Berlin,Forsa,02.01.2017,25 %,21 %,14 %,5 %,16 %,14 %,,,5 %,1.003,12.12.–23.12.
Berlin,Forsa,27.11.2016,25 %,21 %,14 %,5 %,16 %,14 %,,,5 %,1.001,14.11.–24.11.
Berlin,Forsa,30.10.2016,24 %,21 %,15 %,5 %,17 %,12 %,,,6 %,1.002,19.10.–27.10.
Berlin,Forsa,31.07.2016,24 %,21 %,17 %,6 %,17 %,9 %,,,6 %,1.002,18.07.–28.07.
Berlin,Forsa,04.07.2016,24 %,21 %,16 %,7 %,17 %,9 %,,,6 %,1.001,20.06.–30.06.
Berlin,Forsa,27.05.2016,23 %,20 %,17 %,7 %,18 %,9 %,,,6 %,1.003,17.05.–25.05.
Berlin,Forsa,29.04.2016,24 %,21 %,16 %,7 %,19 %,8 %,,,5 %,1.002,18.04.–28.04.
Berlin,Forsa,29.03.2016,25 %,19 %,15 %,7 %,18 %,11 %,,,5 %,1.001,14.03.–23.03.
Berlin,Forsa,02.03.2016,26 %,23 %,13 %,5 %,17 %,9 %,,,7 %,1.003,15.02.–25.02.
Berlin,Forsa,02.02.2016,25 %,23 %,14 %,4 %,18 %,10 %,,,6 %,1.002,18.01.–28.01.
Berlin,Forsa,21.12.2015,29 %,21 %,12 %,4 %,19 %,8 %,,,7 %,1.005,07.12.–17.12.
Berlin,Forsa,30.11.2015,29 %,22 %,14 %,4 %,19 %,6 %,,,6 %,1.001,16.11.–26.11.
Berlin,Forsa,02.11.2015,27 %,24 %,12 %,5 %,21 %,6 %,,,5 %,1.003,19.10.–29.10.
Berlin,Forsa,30.09.2015,29 %,24 %,14 %,4 %,19 %,4 %,,,6 %,1.001,14.09.–24.09.
Berlin,Forsa,01.09.2015,28 %,24 %,14 %,4 %,20 %,3 %,,,7 %,≈1.000,??.08.–??.08.
Berlin,Forsa,05.08.2015,30 %,24 %,13 %,4 %,20 %,3 %,,,6 %,≈1.000,??.07.–??.07.
Berlin,Forsa,29.06.2015,28 %,23 %,14 %,5 %,20 %,4 %,,,6 %,1.001,15.06.–24.06.
Berlin,Forsa,05.06.2015,28 %,23 %,14 %,6 %,19 %,4 %,,,6 %,1.005,22.05.–28.05.
Berlin,Forsa,04.05.2015,30 %,23 %,14 %,4 %,19 %,4 %,,,6 %,1.005,17.04.–29.04.
Berlin,Forsa,30.03.2015,30 %,24 %,14 %,4 %,18 %,4 %,,,6 %,1.002,18.03.–26.03.
Berlin,Forsa,28.02.2015,30 %,24 %,15 %,4 %,17 %,4 %,,,6 %,1.002,16.02.–26.02.
Berlin,Forsa,02.02.2015,31 %,21 %,14 %,3 %,19 %,5 %,,,7 %,1.003,19.01.–29.01.
Berlin,Forsa,04.12.2014,31 %,23 %,15 %,2 %,17 %,5 %,,,7 %,1.009,17.11.–27.11.
Berlin,Forsa,01.11.2014,29 %,23 %,15 %,2 %,19 %,6 %,,,6 %,?,??.10.–??.10.
Berlin,Forsa,22.09.2014,29 %,22 %,14 %,2 %,19 %,8 %,,,6 %,1.007,08.09.–18.09.
Berlin,Forsa,04.08.2014,31 %,21 %,15 %,2 %,18 %,5 %,,,8 %,1.003,21.07.–31.07.
Berlin,Forsa,30.06.2014,29 %,22 %,14 %,3 %,18 %,7 %,,,7 %,1.003,16.06.–26.06.
Berlin,Forsa,30.05.2014,28 %,21 %,15 %,2 %,19 %,8 %,,,7 %,1.008,20.05.–28.05.
Berlin,Forsa,05.05.2014,31 %,22 %,13 %,3 %,19 %,5 %,,,7 %,?,??.04.–??.0?.
Berlin,Forsa,01.04.2014,32 %,21 %,12 %,3 %,20 %,4 %,,,8 %,1.002,17.03.–27.03.
Berlin,Forsa,05.03.2014,30 %,22 %,13 %,4 %,19 %,5 %,,,7 %,1.003,??.02.–??.02.
Berlin,Forsa,04.02.2014,28 %,25 %,14 %,4 %,18 %,4 %,,,7 %,1.006,20.01.–29.01.
Berlin,Forsa,02.01.2014,28 %,23 %,13 %,4 %,19 %,5 %,,,8 %,1.003,??.12.–??.12.
Berlin,Infratest dimap,11.09.2013,27 %,26 %,15 %,3 %,16 %,4 %,,,4 %,1.752,05.09.–09.09.
Berlin,Forsa,30.08.2013,27 %,19 %,19 %,5 %,18 %,4 %,,,8 %,1.001,20.08.–29.08.
Berlin,Forsa,31.07.2013,30 %,21 %,20 %,4 %,15 %,–,,,10 %,1.005,16.07.–25.07.
Berlin,Forsa,01.07.2013,30 %,21 %,20 %,4 %,16 %,–,,,9 %,1.004,19.06.–27.06.
Berlin,Forsa,01.06.2013,29 %,22 %,19 %,4 %,16 %,–,,,10 %,1.004,21.05.–30.05.
Berlin,Forsa,30.04.2013,31 %,21 %,19 %,4 %,15 %,–,,,10 %,1.004,16.04.–25.04.
Berlin,Forsa,25.03.2013,31 %,21 %,20 %,3 %,15 %,–,,,10 %,1.006,12.03.–21.03.
Berlin,Forsa,04.03.2013,33 %,21 %,20 %,3 %,14 %,–,,,9 %,1.002,20.02.–28.02.
Brandenburg,INSA,28.01.2025,19 %,20 %,7 %,3 %,6 %,28 %,,11 %,6 %,1.000,20.01.–27.01.
Brandenburg,Infratest dimap,12.12.2024,21 %,19 %,7 %,–,4 %,30 %,,11 %,8 %,1.183,04.12.–07.12.
Brandenburg,Forsa,11.01.2024,20 %,17 %,8 %,4 %,6 %,33 %,4 %,3 %,5 %,1.007,06.01.–10.01.
Brandenburg,Infratest dimap,01.09.2021,15 %,29 %,9 %,9 %,11 %,18 %,4 %,,5 %,1.157,25.08.–30.08.
Brandenburg,Forsa,20.12.2020,28 %,15 %,17 %,4 %,12 %,17 %,3 %,,4 %,1.001,10.12.–15.12.
Brandenburg,Forsa,01.01.2019,23 %,12 %,14 %,7 %,18 %,20 %,,,6 %,1.005,17.12.–20.12.
Brandenburg,Forsa,10.11.2017,26 %,16 %,6 %,8 %,19 %,20 %,,,5 %,1.002,07.11.–09.11.
Brandenburg,Infratest dimap,21.06.2017,35 %,24 %,5 %,3 %,15 %,15 %,,,3 %,1.000,15.06.–19.06.
Brandenburg,Forsa,18.01.2017,30 %,19 %,6 %,5 %,16 %,20 %,,,4 %,1.003,09.01.–13.01.
Brandenburg,Forsa,30.09.2016,26 %,21 %,6 %,?,17 %,21 %,,,,1.001,20.09.–26.09.
Brandenburg,Forsa,19.03.2016,28 %,21 %,8 %,4 %,16 %,18 %,,,,1.003,14.03.–17.03.
Brandenburg,Forsa,04.01.2016,32 %,22 %,5 %,3 %,20 %,14 %,,,,1.002,09.12.–17.12.
Brandenburg,Emnid,14.03.2014,29 %,30 %,7 %,2 %,23 %,4 %,,,,1.002,24.02.-05.03.
Brandenburg,GMS,26.08.2013,33 %,30 %,9 %,4 %,19 %,–,,,5 %,1.006,12.08.-16.08.
Brandenburg,Infratest dimap,29.05.2013,32 %,31 %,8 %,3 %,19 %,–,,,7 %,1.001,24.05.-27.05.
Hamburg,Trend Research,27.01.2025,19 %,27 %,22 %,4 %,6 %,13 %,,4 %,6 %,874,16.01.–20.01.
Hamburg,Trend Research,16.12.2024,19 %,28 %,19 %,5 %,6 %,11 %,,6 %,6 %,880,05.12.–10.12.
Hamburg,Forsa,31.10.2024,25 %,21 %,22 %,4 %,6 %,8 %,,5 %,9 %,1.017,24.10.–28.10.
Hamburg,Trend Research,21.09.2021,14 %,33 %,18 %,14 %,9 %,7 %,,,5 %,703,13.09.–16.09.
Hamburg,Trend Research,07.09.2021,15 %,34 %,17 %,13 %,10 %,7 %,,,5 %,708,30.08.–02.09.
Hamburg,Trend Research,25.08.2021,17 %,28 %,19 %,14 %,9 %,7 %,,,6 %,702,12.08.–18.08.
Hamburg,Forsa,06.01.2020,21 %,16 %,29 %,8 %,11 %,9 %,,,6 %,1.009,18.12.–06.01.
Hamburg,Universität Hamburg,20.03.2019,20 %,24 %,32 %,10 %,8 %,3 %,,,3 %,1.069,06.01.–02.03.
Hamburg,Forsa,07.01.2019,22 %,17 %,26 %,10 %,11 %,9 %,,,5 %,1.004,27.12.–03.01.
Hamburg,Trend Research,04.09.2017,30 %,30 %,7 %,10 %,11 %,7 %,,,5 %,590,24.08.–28.08.
Hamburg,Trend Research,10.02.2017,24 %,41 %,6 %,7 %,8 %,8 %,,,4 %,510,31.01.–06.02.
Hessen,Forsa,19.12.2024,33 %,17 %,14 %,4 %,4 %,17 %,,3 %,8 %,1.003,22.11.–11.12.
Hessen,Forsa,25.02.2018,31 %,19 %,14 %,10 %,10 %,12 %,,,4 %,1.035,08.02.–22.02.
Hessen,Forsa,02.09.2015,40 %,26 %,13 %,5 %,7 %,4 %,,,,1.009,17.08.–26.08.
Hessen,Forschungsgruppe Wahlen,29.08.2013,40 %,27 %,14 %,6 %,5 %,3 %,,,5 %,1.040,19.08.-26.08.
Hessen,Infratest dimap,20.08.2013,41 %,27 %,12 %,6 %,6 %,3 %,,,5 %,1.000,15.08.–18.08.
Hessen,Forsa,17.07.2013,39 %,25 %,16 %,5 %,5 %,3 %,,,7 %,1.134,01.07.–10.07.
Mecklenburg-Vorpommern,Forsa,02.09.2026,14 %,13 %,7 %,–,14 %,40 %,,5 %,7 %,1.047,21.08.–27.08.
Mecklenburg-Vorpommern,Infratest dimap,09.07.2026,15 %,17 %,7 %,–,13 %,38 %,,4 %,6 %,1.167,02.07.–06.07.
Mecklenburg-Vorpommern,Infratest dimap,13.05.2026,15 %,15 %,6 %,–,15 %,38 %,,5 %,6 %,1.153,07.05.–11.05.
Mecklenburg-Vorpommern,Forsa,19.02.2026,15 %,13 %,6 %,2 %,12 %,39 %,,7 %,6 %,1.003,09.02.–16.02.
Mecklenburg-Vorpommern,Infratest dimap,27.01.2026,18 %,15 %,5 %,–,12 %,37 %,,7 %,6 %,1.145,21.01.–24.01.
Mecklenburg-Vorpommern,Forsa,07.02.2025,20 %,15 %,9 %,3 %,7 %,30 %,,11 %,5 %,1.004,28.01.–03.02.
Mecklenburg-Vorpommern,Infratest dimap,28.01.2025,21 %,15 %,8 %,–,6 %,31 %,,11 %,8 %,1.185,20.01.–25.01.
Mecklenburg-Vorpommern,Infratest dimap,03.11.2024,25 %,16 %,5 %,–,4 %,26 %,,15 %,9 %,1.153,23.10.–28.10.
Mecklenburg-Vorpommern,Infratest dimap,09.05.2024,23 %,19 %,8 %,–,6 %,23 %,,12 %,9 %,1.177,02.05.–07.05.
Mecklenburg-Vorpommern,Forsa,19.01.2024,22 %,15 %,8 %,3 %,8 %,32 %,,5 %,7 %,1.002,10.01.–16.01.
Mecklenburg-Vorpommern,Infratest dimap,24.09.2023,21 %,21 %,8 %,4 %,7 %,32 %,,,7 %,1.182,13.09.–16.09.
Mecklenburg-Vorpommern,Forsa,26.01.2023,22 %,20 %,10 %,4 %,11 %,23 %,,,10 %,1.004,18.01.–23.01.
Mecklenburg-Vorpommern,Infratest dimap,19.10.2022,20 %,25 %,9 %,4 %,10 %,24 %,,,8 %,1.168,13.10.–18.10.
Mecklenburg-Vorpommern,Infratest dimap,08.06.2022,23 %,25 %,12 %,5 %,9 %,18 %,,,8 %,1.183,01.06.–04.06.
Mecklenburg-Vorpommern,Forsa,24.03.2022,21 %,29 %,9 %,6 %,10 %,16 %,,,9 %,1.001,14.03.–18.03.
Mecklenburg-Vorpommern,INSA,17.09.2021,14 %,38 %,9 %,6 %,11 %,19 %,,,3 %,1.000,10.09.–16.09.
Mecklenburg-Vorpommern,Infratest dimap,09.09.2021,16 %,31 %,8 %,9 %,11 %,18 %,,,7 %,1.180,02.09.–07.09.
Mecklenburg-Vorpommern,Infratest dimap,26.08.2021,19 %,29 %,7 %,9 %,12 %,18 %,,,6 %,1.153,19.08.–24.08.
Mecklenburg-Vorpommern,INSA,15.08.2021,21 %,25 %,10 %,8 %,12 %,18 %,,,7 %,1.000,06.08.–12.08.
Mecklenburg-Vorpommern,INSA,25.07.2021,26 %,17 %,11 %,8 %,13 %,21 %,,,4 %,1.098,16.07.–22.07.
Mecklenburg-Vorpommern,Infratest dimap,15.07.2021,30 %,17 %,8 %,8 %,13 %,17 %,,,7 %,1.159,08.07.–13.07.
Mecklenburg-Vorpommern,Infratest dimap,20.05.2021,23 %,18 %,16 %,7 %,12 %,16 %,,,7 %,1.245,12.05.–18.05.
Mecklenburg-Vorpommern,Forsa,21.01.2021,32 %,12 %,13 %,5 %,16 %,15 %,,,7 %,1.002,12.01.–15.01.
Mecklenburg-Vorpommern,Infratest dimap,25.11.2020,34 %,20 %,10 %,4 %,12 %,15 %,,,5 %,1.000,18.11.–21.11.
Mecklenburg-Vorpommern,Forsa,16.01.2020,27 %,8 %,14 %,6 %,16 %,20 %,,,9 %,1.002,02.01.–10.01.
Mecklenburg-Vorpommern,Forsa,27.09.2019,28 %,10 %,14 %,6 %,14 %,21 %,,,7 %,1.002,18.09.–23.09.
Mecklenburg-Vorpommern,Forsa,17.01.2019,32 %,11 %,11 %,5 %,16 %,20 %,,,5 %,1.007,04.01.–11.01.
Mecklenburg-Vorpommern,Forsa,30.06.2018,30 %,12 %,8 %,5 %,19 %,21 %,,,5 %,1.002,24.05.–28.06.
Mecklenburg-Vorpommern,Forsa,18.01.2018,33 %,15 %,6 %,5 %,18 %,18 %,,,5 %,1.001,02.01.–11.01.
Mecklenburg-Vorpommern,INSA,23.07.2017,32 %,21 %,4 %,5 %,13 %,22 %,,,3 %,1.240,30.06.–14.07.
Mecklenburg-Vorpommern,Forsa,19.01.2017,34 %,18 %,5 %,3 %,15 %,19 %,,,6 %,1.002,09.01.–16.01.
Mecklenburg-Vorpommern,Emnid,14.09.2013,34 %,23 %,6 %,2 %,24 %,4 %,,,7 %,750,06.09.–10.09.
Mecklenburg-Vorpommern,Emnid,17.08.2013,36 %,24 %,6 %,2 %,23 %,2 %,,,7 %,750,09.08.–13.08.
Niedersachsen,Forsa,04.06.2020,40 %,20 %,16 %,5 %,6 %,7 %,,,6 %,1.002,19.05.–28.05.
Niedersachsen,Forsa,11.02.2019,33 %,19 %,19 %,8 %,7 %,9 %,,,5 %,1.010,01.02.–08.02.
Niedersachsen,Forsa,25.02.2018,36 %,24 %,12 %,9 %,7 %,8 %,,,4 %,1.004,08.02.–22.02.
Niedersachsen,Infratest dimap,10.08.2017,42 %,29 %,7 %,8 %,4 %,6 %,,,4 %,1.003,08.08.–09.08.
Niedersachsen,Forsa,06.05.2017,36 %,35 %,7 %,6 %,5 %,7 %,,,4 %,1.001,18.04.–28.04.
Nordrhein-Westfalen,Forsa,23.09.2026,22 %,14 %,18 %,3 %,12 %,24 %,,,7 %,1.030,07.09.–18.09.
Nordrhein-Westfalen,Forsa,22.04.2026,26 %,13 %,18 %,4 %,9 %,22 %,,,8 %,1.531,07.04.–14.04.
Nordrhein-Westfalen,Forsa,09.07.2025,30 %,18 %,13 %,4 %,9 %,18 %,,3 %,5 %,1.507,25.06.–02.07.
Nordrhein-Westfalen,Infratest dimap,19.01.2025,34 %,18 %,18 %,4 %,–,15 %,,,11 %,1.150,13.01.–16.01.
Nordrhein-Westfalen,Forsa,12.12.2024,36 %,18 %,14 %,3 %,2 %,14 %,,4 %,9 %,1.508,26.11.–04.12.
Nordrhein-Westfalen,Forsa,05.08.2024,34 %,18 %,13 %,5 %,2 %,14 %,,5 %,9 %,1.060,23.07.–01.08.
Nordrhein-Westfalen,Forsa,16.06.2023,30 %,23 %,15 %,7 %,3 %,15 %,,,7 %,1.506,29.05.–07.06.
Nordrhein-Westfalen,Forsa,30.03.2023,32 %,22 %,18 %,6 %,4 %,10 %,,,8 %,1.005,27.03.–28.03.
Nordrhein-Westfalen,Forsa,30.09.2022,30 %,21 %,22 %,6 %,4 %,10 %,,,7 %,1.511,21.09.–26.09.
Nordrhein-Westfalen,Forsa,17.05.2022,30 %,25 %,25 %,6 %,2 %,6 %,,,6 %,1.008,16.05.–16.05.
Nordrhein-Westfalen,Forsa,09.02.2022,25 %,28 %,18 %,10 %,4 %,8 %,,,7 %,2.006,26.01.–02.02.
Nordrhein-Westfalen,Forsa,15.12.2021,23 %,29 %,18 %,12 %,4 %,7 %,,,7 %,2.009,26.11.–07.12.
Nordrhein-Westfalen,Forsa,19.05.2021,24 %,18 %,28 %,11 %,4 %,8 %,,,7 %,1.058,10.05.–17.05.
Nordrhein-Westfalen,Forsa,14.04.2021,26 %,18 %,25 %,11 %,6 %,8 %,,,6 %,1.090,Ende März – Anfang April
Nordrhein-Westfalen,Forsa,17.08.2019,27 %,17 %,25 %,10 %,6 %,9 %,,,6 %,1.505,01.08.–16.08.
Nordrhein-Westfalen,Forsa,25.02.2018,34 %,21 %,11 %,11 %,8 %,9 %,,,6 %,1.015,08.02.–22.02.
Nordrhein-Westfalen,yougov,12.09.2017,36 %,30 %,6 %,7 %,9 %,9 %,,,3 %,1.048,01.09.–08.09.
Nordrhein-Westfalen,Infratest dimap,03.09.2017,36 %,26 %,7 %,12 %,8 %,8 %,,,3 %,1.000,29.08.–31.08.
Nordrhein-Westfalen,Forsa,15.03.2017,33 %,35 %,6 %,9 %,5 %,7 %,,,5 %,1.040,20.02.–10.03.
Nordrhein-Westfalen,Forsa,15.03.2017,37 %,27 %,9 %,7 %,7 %,8 %,,,5 %,1.072,09.01.–20.01.
Nordrhein-Westfalen,Forsa,02.12.2015,37 %,30 %,9 %,6 %,6 %,6 %,,,6 %,1.211,08.11.–27.11.
Nordrhein-Westfalen,Forsa,02.06.2015,39 %,29 %,10 %,7 %,7 %,3 %,,,5 %,1.097,18.05.–28.05
Nordrhein-Westfalen,yougov,19.09.2013,39 %,33 %,11 %,5 %,4 %,3 %,,,,1.051,05.09.–16.09.
Nordrhein-Westfalen,Infratest dimap,07.09.2013,41 %,35 %,9 %,5 %,4 %,–,,,,1.009,03.09.–05.09.
Nordrhein-Westfalen,Infratest dimap,26.05.2013,40 %,34 %,13 %,3 %,3 %,–,,,7 %,1.001,21.05.–23.05.
Rheinland-Pfalz,Infratest dimap,12.02.2025,33 %,19 %,13 %,4 %,4 %,18 %,,4 %,5 %,1.155,05.02.–10.02.
Rheinland-Pfalz,Infratest dimap,12.12.2024,35 %,19 %,12 %,4 %,–,16 %,3 %,4 %,7 %,1.175,05.12.–10.12.
Rheinland-Pfalz,Infratest dimap,09.09.2021,23 %,30 %,13 %,11 %,4 %,10 %,4 %,,5 %,1.160,02.09.–07.09.
Rheinland-Pfalz,Infratest dimap,15.07.2021,30 %,22 %,17 %,9 %,4 %,11 %,3 %,,4 %,1.153,09.07.–13.07.
Rheinland-Pfalz,Forsa,11.02.2019,34 %,16 %,18 %,10 %,7 %,10 %,,,5 %,1.005,01.02.–08.02.
Rheinland-Pfalz,Infratest dimap,08.03.2018,34 %,23 %,12 %,9 %,7 %,12 %,,,3 %,1.001,05.03.–07.03.
Rheinland-Pfalz,Infratest dimap,14.12.2017,39 %,24 %,12 %,8 %,5 %,9 %,,,3 %,1.003,08.12.–12.12.
Rheinland-Pfalz,Infratest dimap,14.09.2017,39 %,25 %,7 %,8 %,6 %,11 %,,,4 %,1.001,07.09.–11.09.
Rheinland-Pfalz,Infratest dimap,22.06.2017,44 %,24 %,6 %,10 %,6 %,7 %,,,3 %,1.000,14.06.–19.06.
Rheinland-Pfalz,Infratest dimap,09.03.2017,40 %,37 %,4 %,6 %,4 %,6 %,,,3 %,1.001,02.03.–06.03.
Rheinland-Pfalz,Infratest dimap,05.09.2013,45 %,30 %,10 %,5 %,2 %,3 %,,,5 %,1.000,29.08.–02.09.
Saarland,INSA,07.03.2017,32 %,44 %,5 %,6 %,4 %,7 %,,,2 %,1.025,02.03.-06.03.
Saarland,Infratest dimap,07.05.2013,43 %,31 %,8 %,3 %,8 %,3 %,,,4 %,1.001,03.05.-06.05.
Sachsen,Forsa,11.01.2024,23 %,9 %,8 %,4 %,6 %,36 %,4 %,4 %,3 %,1.507,07.01.–10.01.
Sachsen,INSA,17.09.2021,18 %,18 %,8 %,11 %,11 %,26 %,,,8 %,1.000,06.09.–13.09.
Sachsen,Infratest dimap,20.08.2021,21 %,15 %,10 %,12 %,11 %,23 %,,,8 %,1.179,13.08.–18.08.
Sachsen,INSA,15.08.2021,24 %,10 %,10 %,11 %,13 %,25 %,,,7 %,1.001,02.08.–09.08.
Sachsen,Infratest dimap,20.06.2017,46 %,11 %,3 %,5 %,14 %,18 %,,,3 %,1.000,12.06.–17.06.
Sachsen,Infratest dimap,24.11.2016,38 %,14 %,7 %,–,15 %,20 %,,,6 %,1.002,15.11.–19.11.
Sachsen,INSA,05.10.2016,32 %,15 %,5 %,3 %,16 %,25 %,,,4 %,1.003,19.09.–23.09.
Sachsen,Infratest dimap,20.08.2013,48 %,17 %,9 %,3 %,13 %,–,,,10 %,1.000,09.08.–15.08.
Sachsen-Anhalt,Infratest dimap,20.06.2017,45 %,14 %,4 %,6 %,17 %,11 %,,,3 %,1.000,12.06.–17.06.
Sachsen-Anhalt,Infratest dimap,24.11.2016,39 %,16 %,4 %,3 %,17 %,16 %,,,5 %,1.000,15.11.–19.11.
Sachsen-Anhalt,BIK Aschpurwis + Behrens,07.09.2013,"42,2 %","22,3 %","6,6 %","4,1 %","20,5 %","1,9 %",,,,601,20.08.–02.09.
Sachsen-Anhalt,Infratest dimap,20.08.2013,43 %,20 %,6 %,3 %,21 %,–,,,7 %,1.000,09.08.–14.08.
Thüringen,Forsa,11.01.2024,23 %,12 %,6 %,3 %,9 %,36 %,,3 %,8 %,1.253,06.01.–10.01.
Thüringen,INSA,27.08.2021,18 %,21 %,5 %,9 %,18 %,22 %,,,7 %,1.000,16.08.–23.08.
Thüringen,INSA,04.08.2017,39 %,14 %,4 %,5 %,18 %,18 %,,,2 %,1.007,24.07.–28.07.
Thüringen,Infratest dimap,20.06.2017,43 %,12 %,4 %,5 %,20 %,12 %,,,4 %,1.000,12.06.–20.06.
Thüringen,INSA,14.04.2017,35 %,20 %,4 %,5 %,17 %,15 %,,,4 %,1.005,05.04.–11.04.
Thüringen,Infratest dimap,24.11.2016,37 %,13 %,7 %,3 %,18 %,19 %,,,3 %,1.000,15.11.–19.11.
Thüringen,INSA,20.04.2016,32 %,13 %,"10,5 %","6,5 %",17 %,18 %,,,,1.000,04.04.–12.04.
Thüringen,Emnid,05.11.2013,42 %,16 %,5 %,2 %,23 %,6 %,,,6 %,1.000,09.10.–23.10.
Thüringen,Infratest dimap,20.08.2013,44 %,20 %,7 %,2 %,19 %,3 %,,,5 %,1.002,09.08.–15.08.
